"","Subset","BestModelAIC","AIC","BestModelAICc","AICc","BestModelBIC","BIC"
"1",1,"Cubic Poly","-9.68992633798435","Cubic Poly","-5.68992633798435","Cubic Poly","-4.46731414936724"
"2",2,"Cubic Poly","14.0182866590408","Cubic Poly","21.5182866590408","Cubic Poly","17.2135733071171"
"3",3,"Grompertz","-8.95429853276703","Grompertz","-2.28763186610036","Grompertz","-5.41404752725598"
"4",4,"Grompertz","-66.0302299166495","Grompertz","-63.3029571893768","Grompertz","-59.3692073657735"
"5",5,"Cubic Poly","-8.55753704361516","Cubic Poly","-4.55753704361516","Cubic Poly","-3.33492485499805"
"6",6,"Cubic Poly","11.4414189094265","Cubic Poly","20.0128474808551","Cubic Poly","14.2661656967342"
"7",7,"Cubic Poly","31.7225468764987","Cubic Poly","37.7225468764987","Cubic Poly","35.5854904876976"
"8",8,"Grompertz","-65.2957765203193","Grompertz","-62.5685037930466","Grompertz","-58.6347539694433"
"9",9,"Cubic Poly","53.6620360508196","Cubic Poly","56.8199307876617","Cubic Poly","59.7564151751606"
"10",10,"Cubic Poly","22.7719727384897","Cubic Poly","30.2719727384897","Cubic Poly","25.967259386566"
"11",11,"Cubic Poly","30.9964084782571","Cubic Poly","36.9964084782571","Cubic Poly","34.859352089456"
"12",12,"Cubic Poly","5.39713757546765","Cubic Poly","25.3971375754677","Cubic Poly","6.38326046214875"
"13",13,"Cubic Poly","1.42943796472612","Cubic Poly","16.4294379647261","Cubic Poly","2.94236342969635"
"14",14,"Cubic Poly","-1.66736224264647","Cubic Poly","13.3326377573535","Cubic Poly","-0.154436777676235"
"15",15,"Cubic Poly","9.12721627029008","NA","NA","Cubic Poly","8.08601361643035"
"16",16,"Grompertz","1.5034707700854","Grompertz","61.5034707700854","Grompertz","1.23302151536197"
"17",17,"Grompertz","3.61072686682329","Grompertz","63.6107268668233","Grompertz","3.34027761209986"
"18",18,"Grompertz","13.7796831779269","Grompertz","25.7796831779269","Grompertz","15.7691595419188"
"19",19,"Grompertz","13.7074320921425","Grompertz","21.2074320921425","Grompertz","16.9027187402188"
"20",20,"Grompertz","-5.78364859680352","Grompertz","2.78777997462505","Grompertz","-2.95890180949584"
"21",21,"Cubic Poly","20.5515061580214","Cubic Poly","32.5515061580214","Cubic Poly","22.5409825220132"
"22",22,"Grompertz","5.60963972248635","Grompertz","20.6096397224863","Grompertz","7.12256518745658"
"23",23,"Grompertz","2.69673971612882","Grompertz","12.6967397161288","Grompertz","5.12127296506882"
"24",24,"Cubic Poly","10.4569296871893","Cubic Poly","30.4569296871893","Cubic Poly","11.4430525738704"
"25",25,"Cubic Poly","11.2343658238387","Cubic Poly","31.2343658238387","Cubic Poly","12.2204887105198"
"26",26,"Grompertz","2.93812399818431","Grompertz","32.9381239981843","Grompertz","3.33533170658349"
"27",27,"Cubic Poly","-9.64755032368393","Cubic Poly","5.35244967631607","Cubic Poly","-8.1346248587137"
"28",28,"Cubic Poly","2.43165976200483","Cubic Poly","32.4316597620048","Cubic Poly","2.82886747040401"
"29",29,"Grompertz","3.62744094266749","Grompertz","33.6274409426675","Grompertz","4.02464865106667"
"30",30,"Grompertz","2.07739912144098","Grompertz","22.077399121441","Grompertz","3.06352200812208"
"31",31,"Grompertz","-11.9082904890062","Grompertz","3.09170951099382","Grompertz","-10.3953650240359"
"32",32,"Grompertz","-12.0499493235466","Grompertz","2.95005067645342","Grompertz","-10.5370238585763"
"33",33,"Cubic Poly","6.02915434053733","Cubic Poly","66.0291543405373","Cubic Poly","5.7587050858139"
"34",34,"Cubic Poly","4.46746789109195","Cubic Poly","Inf","Cubic Poly","3.42626523723223"
"35",35,"Cubic Poly","1.7585918651596","Cubic Poly","Inf","Cubic Poly","0.717389211299873"
"36",36,"Grompertz","13.8378435917653","Grompertz","22.4092721631939","Grompertz","16.662590379073"
"37",37,"Cubic Poly","15.5383799487856","Cubic Poly","24.1098085202142","Cubic Poly","18.3631267360933"
"38",38,"Grompertz","1.56647658376959","Grompertz","9.06647658376959","Grompertz","4.76176323184588"
"39",39,"Grompertz","2.66653079860285","Grompertz","12.6665307986028","Grompertz","5.09106404754285"
"40",40,"Cubic Poly","21.5432383944632","Cubic Poly","31.5432383944632","Cubic Poly","23.9677716434032"
"41",41,"Grompertz","7.48030998041249","Grompertz","17.4803099804125","Grompertz","9.90484322935249"
"42",42,"Cubic Poly","4.23864898584775","Cubic Poly","24.2386489858478","Cubic Poly","5.22477187252885"
"43",43,"Cubic Poly","6.41739859797458","Cubic Poly","21.4173985979746","Cubic Poly","7.93032406294482"
"44",44,"Cubic Poly","5.80451474931276","Cubic Poly","25.8045147493128","Cubic Poly","6.79063763599386"
"45",45,"Cubic Poly","1.88583327327194","Cubic Poly","21.8858332732719","Cubic Poly","2.87195615995304"
"46",46,"Cubic Poly","4.39134554721766","Cubic Poly","34.3913455472177","Cubic Poly","4.78855325561684"
"47",47,"Cubic Poly","5.00976218115187","NA","NA","Cubic Poly","3.96855952729214"
"48",48,"Cubic Poly","5.69555716268511","Cubic Poly","11.1501026172306","Cubic Poly","9.86162388296619"
"49",49,"Cubic Poly","8.1954518791665","Cubic Poly","20.1954518791665","Cubic Poly","10.1849282431583"
"50",50,"Cubic Poly","12.6454397412869","Cubic Poly","42.6454397412869","Cubic Poly","13.042647449686"
"51",51,"Cubic Poly","-6.35826126791051","Cubic Poly","-66.3582612679105","Cubic Poly","-8.31107170574001"
"52",52,"Cubic Poly","-6.4744535524335","Cubic Poly","23.5255464475665","Cubic Poly","-6.07724584403432"
"53",53,"Cubic Poly","16.5658131433418","Cubic Poly","24.0658131433418","Cubic Poly","19.7610997914181"
"54",54,"Grompertz","-15.3404911781804","Grompertz","-0.340491178180422","Grompertz","-13.8275657132102"
"55",55,"Cubic Poly","5.46241206152574","Cubic Poly","35.4624120615257","Cubic Poly","5.85961976992492"
"56",56,"Grompertz","2.67702990043045","Grompertz","22.6770299004304","Grompertz","3.66315278711155"
"57",57,"Cubic Poly","33.9296524684069","Cubic Poly","53.9296524684069","Cubic Poly","34.9157753550879"
"58",58,"Cubic Poly","-154.452622665448","Cubic Poly","-149.837238050064","Cubic Poly","-149.730427769616"
"59",59,"Grompertz","-17.8345415213991","Grompertz","-12.3799960668537","Grompertz","-13.668474801118"
"60",60,"Cubic Poly","3.83437762978526","Cubic Poly","33.8343776297853","Cubic Poly","4.23158533818444"
"61",61,"Cubic Poly","14.547419601498","Cubic Poly","44.547419601498","Cubic Poly","14.9446273098972"
"62",62,"Cubic Poly","16.1630688366551","Cubic Poly","76.1630688366551","Cubic Poly","15.8926195819317"
"63",63,"Baranyi","-141.880864029002","Baranyi","-136.880864029002","Baranyi","-137.429005239521"
"64",64,"Grompertz","-4.0681091253458","Grompertz","3.4318908746542","Grompertz","-0.872822477269512"
"65",65,"Cubic Poly","15.3183857688121","Cubic Poly","75.3183857688121","Cubic Poly","15.0479365140887"
"66",66,"Cubic Poly","6.12581214551458","Cubic Poly","36.1258121455146","Cubic Poly","6.52301985391376"
"67",67,"Cubic Poly","3.77473010013536","Cubic Poly","33.7747301001354","Cubic Poly","4.17193780853454"
"68",68,"Cubic Poly","8.34936424530946","Cubic Poly","13.3493642453095","Cubic Poly","12.8012230347903"
"69",69,"Grompertz","13.7546582736839","Grompertz","23.7546582736839","Grompertz","16.1791915226239"
"70",70,"Cubic Poly","15.2562659668302","Cubic Poly","35.2562659668302","Cubic Poly","16.2423888535113"
"71",71,"Cubic Poly","-69.3385633311314","Cubic Poly","-54.3385633311314","Cubic Poly","-67.8256378661612"
"72",72,"Grompertz","-120.974747865658","Grompertz","-114.974747865658","Grompertz","-117.111804254459"
"73",73,"Grompertz","-8.0993294358413","Grompertz","-3.48394482045668","Grompertz","-3.3771345400091"
"74",74,"Grompertz","5.28770866109976","Grompertz","13.8591372325283","Grompertz","8.11245544840744"
"75",75,"Cubic Poly","14.6208036416386","Cubic Poly","74.6208036416386","Cubic Poly","14.3503543869152"
"76",76,"Cubic Poly","18.7573794251557","Cubic Poly","33.7573794251557","Cubic Poly","20.2703048901259"
"77",77,"Cubic Poly","-131.182672327928","Cubic Poly","-125.728126873383","Cubic Poly","-127.016605607647"
"78",78,"Cubic Poly","-1.0180056084003","Cubic Poly","7.55342296302828","Cubic Poly","1.80674117890739"
"79",79,"Cubic Poly","-25.6402010599533","Cubic Poly","-5.64020105995326","Cubic Poly","-24.6540781732722"
"80",80,"Cubic Poly","19.5211844295659","Cubic Poly","27.0211844295659","Cubic Poly","22.7164710776422"
"81",81,"Cubic Poly","26.8666747560846","Cubic Poly","38.8666747560846","Cubic Poly","28.8561511200764"
"82",82,"Baranyi","-118.205321806696","Baranyi","-112.205321806696","Baranyi","-114.342378195497"
"83",83,"Baranyi","54.3977815049039","Baranyi","57.3977815049039","Baranyi","60.6882641950113"
"84",84,"Cubic Poly","1.19714241741056","Cubic Poly","4.94714241741056","Cubic Poly","6.65235468420214"
"85",85,"Cubic Poly","19.9984625424583","Cubic Poly","27.4984625424583","Cubic Poly","23.1937491905346"
"86",86,"Cubic Poly","68.691545107221","Cubic Poly","75.3582117738877","Cubic Poly","72.2317961127321"
"87",87,"Cubic Poly","36.2797986832151","Cubic Poly","51.2797986832151","Cubic Poly","37.7927241481853"
"88",88,"Grompertz","-1.00024722894914","Grompertz","2.99975277105086","Grompertz","4.22236495966798"
"89",89,"Cubic Poly","35.1286186768717","Cubic Poly","41.7952853435383","Cubic Poly","38.6688696823827"
"90",90,"Cubic Poly","40.711131567785","Cubic Poly","46.1656770223305","Cubic Poly","44.8771982880661"
"91",91,"Grompertz","-72.9520502292318","Grompertz","-70.224777501959","Grompertz","-66.2910276783558"
"92",92,"Cubic Poly","-26.8033605419368","Cubic Poly","-22.8033605419368","Cubic Poly","-21.5807483533197"
"93",93,"Cubic Poly","17.1555460547559","Cubic Poly","27.1555460547559","Cubic Poly","19.5800793036959"
"94",94,"Cubic Poly","41.2332006919809","Cubic Poly","47.8998673586476","Cubic Poly","44.773451697492"
"95",95,"Cubic Poly","-66.8614027811912","Cubic Poly","-64.1341300539185","Cubic Poly","-60.2003802303152"
"96",96,"Cubic Poly","-5.27549622974535","Cubic Poly","-1.74608446503947","Cubic Poly","0.401974849900395"
"97",97,"Cubic Poly","23.7697226503141","Cubic Poly","30.4363893169808","Cubic Poly","27.3099736558252"
"98",98,"Cubic Poly","37.9702577656841","Cubic Poly","43.4248032202295","Cubic Poly","42.1363244859652"
"99",99,"Grompertz","-74.4291338895429","Grompertz","-71.7018611622702","Grompertz","-67.7681113386669"
"100",100,"Cubic Poly","-16.640478407353","Cubic Poly","-13.1110666426471","Cubic Poly","-10.9630073277073"
"101",101,"Cubic Poly","26.6101320851944","Cubic Poly","32.6101320851944","Cubic Poly","30.4730756963933"
"102",102,"Cubic Poly","37.2293597334108","Cubic Poly","42.6839051879562","Cubic Poly","41.3954264536919"
"103",103,"Cubic Poly","11.6729474664277","Cubic Poly","14.4002201937004","Cubic Poly","18.3339700173037"
"104",104,"Cubic Poly","34.32174833908","Cubic Poly","37.4796430759222","Cubic Poly","40.416127463421"
"105",105,"Cubic Poly","36.8560489751295","Cubic Poly","42.8560489751295","Cubic Poly","40.7189925863284"
"106",106,"Cubic Poly","58.3883074729963","Cubic Poly","63.3883074729963","Cubic Poly","62.8401662624772"
"107",107,"Cubic Poly","41.3774245168212","Cubic Poly","44.234567373964","Cubic Poly","47.8566088468428"
"108",108,"Cubic Poly","38.607783385988","Cubic Poly","42.1371951506939","Cubic Poly","44.2852544656337"
"109",109,"Cubic Poly","32.7395432491727","Cubic Poly","39.4062099158394","Cubic Poly","36.2797942546837"
"110",110,"Cubic Poly","52.700057898153","Cubic Poly","57.700057898153","Cubic Poly","57.1519166876339"
"111",111,"Grompertz","-129.216638710294","Grompertz","-126.489365983022","Grompertz","-122.555616159418"
"112",112,"Cubic Poly","52.8665426739974","Cubic Poly","55.4752383261713","Cubic Poly","59.7030218239298"
"113",113,"Cubic Poly","-5.04510466805314","Cubic Poly","0.409440786492315","Cubic Poly","-0.879037947772058"
"114",114,"Cubic Poly","49.1641868009597","Cubic Poly","54.6187322555052","Cubic Poly","53.3302535212408"
"115",115,"Grompertz","-1.61415946731839","NA","NA","Grompertz","-2.65536212117812"
"116",116,"Cubic Poly","-5.27474749376245","Cubic Poly","14.7252525062375","Cubic Poly","-4.28862460708135"
"117",117,"Cubic Poly","9.62401154149755","Cubic Poly","Inf","Cubic Poly","8.58280888763782"
"118",118,"Grompertz","-12.7902601706124","Grompertz","47.2097398293876","Grompertz","-13.0607094253358"
"119",119,"Cubic Poly","-0.027268374520883","Cubic Poly","59.9727316254791","Cubic Poly","-0.297717629244318"
"120",120,"Cubic Poly","-1.18703004394617","Cubic Poly","58.8129699560538","Cubic Poly","-1.45747929866961"
"121",121,"Cubic Poly","0.440793194328219","Cubic Poly","-59.5592068056718","Cubic Poly","-1.51201724350128"
"122",122,"Cubic Poly","-2.11466343091185","Cubic Poly","Inf","Cubic Poly","-3.15586608477157"
"123",123,"Cubic Poly","1.48891509906782","Cubic Poly","Inf","Cubic Poly","0.447712445208095"
"124",124,"Cubic Poly","3.26854720184986","Cubic Poly","63.2685472018499","Cubic Poly","2.99809794712643"
"125",125,"Cubic Poly","11.377516160818","Cubic Poly","Inf","Cubic Poly","10.3363135069582"
"126",126,"Cubic Poly","-45.7458785763338","Cubic Poly","-43.0186058490611","Cubic Poly","-39.0848560254578"
"127",127,"Grompertz","-74.5138012064592","Grompertz","-72.2061088987669","Grompertz","-67.1851216924606"
"128",128,"Grompertz","-39.4568622642586","Grompertz","-33.4568622642586","Grompertz","-35.5939186530597"
"129",129,"Baranyi","57.2414248415082","Baranyi","62.2414248415082","Baranyi","61.693283630989"
"130",130,"Cubic Poly","14.3621263788525","Cubic Poly","17.0893991061253","Cubic Poly","21.0231489297285"
"131",131,"Grompertz","9.12141428839402","Grompertz","11.4291065960863","Grompertz","16.4500938023927"
"132",132,"Cubic Poly","38.7243002030588","Cubic Poly","44.7243002030588","Cubic Poly","42.5872438142577"
"133",133,"Grompertz","-16.8251122112801","Grompertz","-11.8251122112801","Grompertz","-12.3732534217993"
"134",134,"Cubic Poly","7.78490746983036","Cubic Poly","22.7849074698304","Cubic Poly","9.2978329348006"
"135",135,"Cubic Poly","30.1407532910141","Cubic Poly","36.1407532910141","Cubic Poly","34.003696902213"
"136",136,"Cubic Poly","32.4792745760412","Cubic Poly","37.4792745760412","Cubic Poly","36.9311333655221"
"137",137,"Cubic Poly","29.3705237935648","Cubic Poly","35.3705237935648","Cubic Poly","33.2334674047637"
"138",138,"Cubic Poly","21.069927488824","Cubic Poly","29.6413560602526","Cubic Poly","23.8946742761317"
"139",139,"Cubic Poly","17.3234555041152","Cubic Poly","37.3234555041152","Cubic Poly","18.3095783907963"
"140",140,"Cubic Poly","29.5570427968392","Cubic Poly","34.1724274122238","Cubic Poly","34.2792376926714"
"141",141,"Cubic Poly","32.9296899207493","Cubic Poly","41.5011184921779","Cubic Poly","35.754436708057"
"142",142,"Cubic Poly","21.5716432799894","Cubic Poly","29.0716432799894","Cubic Poly","24.7669299280657"
"143",143,"Cubic Poly","29.6716284968593","Cubic Poly","39.6716284968593","Cubic Poly","32.0961617457993"
"144",144,"Cubic Poly","13.2223060678241","Cubic Poly","25.2223060678241","Cubic Poly","15.211782431816"
"145",145,"Grompertz","244.084222311724","Grompertz","244.498015415172","Grompertz","259.170621495799"
"146",146,"Grompertz","90.7625630829149","Grompertz","91.4942703999881","Grompertz","103.149247155306"
"147",147,"Grompertz","39.759010414251","Grompertz","40.3472457083687","Grompertz","53.1696665498721"
"148",148,"Cubic Poly","132.19687856338","Cubic Poly","132.919770129645","Cubic Poly","144.640060412041"
"149",149,"Grompertz","-0.521358454675561","Grompertz","59.4786415453244","Grompertz","-0.791807709398995"
"150",150,"Cubic Poly","-4.08417716031974","Cubic Poly","55.9158228396803","Cubic Poly","-4.35462641504317"
"151",151,"Cubic Poly","-15.9400777865624","Cubic Poly","Inf","Cubic Poly","-16.9812804404221"
"152",152,"Cubic Poly","-13.5434493701137","Cubic Poly","Inf","Cubic Poly","-14.5846520239734"
"153",153,"Baranyi","-7.49022965147581","Baranyi","52.5097703485242","Baranyi","-7.76067890619925"
"154",154,"Cubic Poly","2.10432772084116","Cubic Poly","62.1043277208412","Cubic Poly","1.83387846611773"
"155",155,"Grompertz","-11.6719260184282","Grompertz","48.3280739815718","Grompertz","-11.9423752731516"
"156",156,"Grompertz","-7.39365261646011","Grompertz","52.6063473835399","Grompertz","-7.66410187118354"
"157",157,"Cubic Poly","1.55573349795601","Cubic Poly","4.28300622522874","Cubic Poly","8.21675604883203"
"158",158,"Cubic Poly","57.8338536567957","Cubic Poly","61.3632654215016","Cubic Poly","63.5113247364415"
"159",159,"Cubic Poly","34.8324686222037","Cubic Poly","40.8324686222037","Cubic Poly","38.6954122334026"
"160",160,"Grompertz","46.3800331311953","Grompertz","51.8345785857407","Grompertz","50.5460998514764"
"161",161,"Cubic Poly","28.3304726519452","Cubic Poly","31.057745379218","Cubic Poly","34.9914952028212"
"162",162,"Cubic Poly","43.5031947595344","Cubic Poly","46.5031947595344","Cubic Poly","49.7936774496418"
"163",163,"Grompertz","7.70228623898135","Grompertz","14.368952905648","Grompertz","11.2425372444924"
"164",164,"Cubic Poly","42.9112933612174","Cubic Poly","48.9112933612174","Cubic Poly","46.7742369724163"
"165",165,"Cubic Poly","6.39177563485436","Cubic Poly","8.89177563485436","Cubic Poly","13.3977625431651"
"166",166,"Grompertz","41.4070688001096","Grompertz","44.4070688001096","Grompertz","47.697551490217"
"167",167,"Grompertz","18.5438821962905","Grompertz","25.2105488629572","Grompertz","22.0841332018016"
"168",168,"Cubic Poly","47.2435867979297","Cubic Poly","53.9102534645963","Cubic Poly","50.7838378034407"
"169",169,"Grompertz","-11.0897157565368","Grompertz","-8.36244302926406","Grompertz","-4.42869320566076"
"170",170,"Cubic Poly","50.9449855629796","Cubic Poly","54.4743973276855","Cubic Poly","56.6224566426253"
"171",171,"Cubic Poly","37.3970577856437","Cubic Poly","42.8516032401891","Cubic Poly","41.5631245059247"
"172",172,"Cubic Poly","26.9143463414163","Cubic Poly","32.9143463414163","Cubic Poly","30.7772899526152"
"173",173,"Grompertz","7.318954119417","NA","NA","Grompertz","6.27775146555727"
"174",174,"Cubic Poly","1.25021588667365","Cubic Poly","-58.7497841133263","Cubic Poly","-0.702594551155846"
"175",175,"Cubic Poly","3.26777382983802","Cubic Poly","-56.732226170162","Cubic Poly","1.31496339200852"
"176",176,"Cubic Poly","23.3144148476603","Cubic Poly","83.3144148476603","Cubic Poly","23.0439655929369"
"177",177,"Cubic Poly","24.5153919829877","Cubic Poly","54.5153919829877","Cubic Poly","24.9125996913869"
"178",178,"Cubic Poly","15.4125060331925","Cubic Poly","30.4125060331925","Cubic Poly","16.9254314981627"
"179",179,"Grompertz","5.92409828469067","Grompertz","17.9240982846907","Grompertz","7.91357464868252"
"180",180,"Grompertz","-9.64439470401906","Grompertz","2.35560529598094","Grompertz","-7.65491834002721"
"181",181,"Cubic Poly","2.61342174386886","Cubic Poly","Inf","Cubic Poly","1.57221909000914"
"182",182,"Grompertz","6.16190556773942","Grompertz","66.1619055677394","Grompertz","5.89145631301598"
"183",183,"Grompertz","5.63564933430621","Grompertz","65.6356493343062","Grompertz","5.36520007958278"
"184",184,"Grompertz","-12.5014307783188","Grompertz","-3.93000220689027","Grompertz","-9.67668399101116"
"185",185,"Cubic Poly","-1.62587383199079","Cubic Poly","13.3741261680092","Cubic Poly","-0.112948367020564"
"186",186,"Cubic Poly","-4.58303951199339","Cubic Poly","7.41696048800661","Cubic Poly","-2.59356314800154"
"187",187,"Cubic Poly","14.3513530691631","Cubic Poly","26.3513530691631","Cubic Poly","16.3408294331549"
"188",188,"Cubic Poly","18.0055744314229","Cubic Poly","26.5770030028515","Cubic Poly","20.8303212187306"
"189",189,"Grompertz","-2.09843251552054","Grompertz","6.47299605590803","Grompertz","0.726314271787144"
"190",190,"Cubic Poly","14.3532934237938","Cubic Poly","24.3532934237938","Cubic Poly","16.7778266727338"
"191",191,"Cubic Poly","10.2034637706429","Cubic Poly","20.2034637706429","Cubic Poly","12.6279970195829"
"192",192,"Grompertz","-7.83215448437882","Grompertz","2.16784551562118","Grompertz","-5.40762123543882"
"193",193,"Cubic Poly","15.2540436645944","Cubic Poly","35.2540436645944","Cubic Poly","16.2401665512755"
"194",194,"Cubic Poly","2.2924171977091","Cubic Poly","22.2924171977091","Cubic Poly","3.2785400843902"
"195",195,"Cubic Poly","-13.897120714132","Cubic Poly","16.102879285868","Cubic Poly","-13.4999130057328"
"196",196,"Cubic Poly","-27.6266025716151","Cubic Poly","-24.8993298443423","Cubic Poly","-20.965580020739"
"197",197,"Grompertz","5.68380116799063","Grompertz","9.21321293269652","Grompertz","11.3612722476364"
"198",198,"Cubic Poly","14.2908728987334","Cubic Poly","22.862301470162","Cubic Poly","17.1156196860411"
"199",199,"Cubic Poly","33.7035407562153","Cubic Poly","39.1580862107608","Cubic Poly","37.8696074764964"
"200",200,"Grompertz","-42.0208224990788","Grompertz","-39.2935497718061","Grompertz","-35.3597999482028"
"201",201,"Grompertz","-34.0424629336658","Grompertz","-30.5130511689599","Grompertz","-28.3649918540201"
"202",202,"Grompertz","-17.9590819218059","Grompertz","-7.95908192180592","Grompertz","-15.5345486728659"
"203",203,"Cubic Poly","20.340891525588","Cubic Poly","27.0075581922547","Cubic Poly","23.881142531099"
"204",204,"Cubic Poly","-23.7726032451804","Cubic Poly","36.2273967548196","Cubic Poly","-24.0430524999038"
"205",205,"Grompertz","-43.9393526002401","NA","NA","Grompertz","-44.9805552540998"
"206",206,"Cubic Poly","-5.43104949021616","Cubic Poly","54.5689505097838","Cubic Poly","-5.7014987449396"
"207",207,"Cubic Poly","-6.37347075877845","Cubic Poly","Inf","Cubic Poly","-7.41467341263817"
"208",208,"Cubic Poly","3.82681797786171","Cubic Poly","63.8268179778617","Cubic Poly","3.55636872313827"
"209",209,"Cubic Poly","-6.08757735643353","Cubic Poly","-66.0875773564335","Cubic Poly","-8.04038779426303"
"210",210,"Cubic Poly","10.0558185103264","Cubic Poly","Inf","Cubic Poly","9.0146158564667"
"211",211,"Cubic Poly","-2.31520881758408","Cubic Poly","Inf","Cubic Poly","-3.3564114714438"
"212",212,"Cubic Poly","1.29911529245397","Cubic Poly","61.299115292454","Cubic Poly","1.02866603773053"
"213",213,"Cubic Poly","0.172962582899274","Cubic Poly","Inf","Cubic Poly","-0.868240070960452"
"214",214,"Cubic Poly","-2.27972258314213","Cubic Poly","-62.2797225831421","Cubic Poly","-4.23253302097163"
"215",215,"Cubic Poly","2.49464095773704","Cubic Poly","32.494640957737","Cubic Poly","2.89184866613622"
"216",216,"Cubic Poly","-1.08560635558291","Cubic Poly","Inf","Cubic Poly","-2.12680900944264"
"217",217,"Cubic Poly","-7.30847710476285","Cubic Poly","22.6915228952372","Cubic Poly","-6.91126939636367"
"218",218,"Cubic Poly","14.5702764731257","Cubic Poly","74.5702764731257","Cubic Poly","14.2998272184023"
"219",219,"Cubic Poly","12.1409728957822","Cubic Poly","72.1409728957822","Cubic Poly","11.8705236410587"
"220",220,"Cubic Poly","12.4493161821205","Cubic Poly","-47.5506838178795","Cubic Poly","10.496505744291"
"221",221,"Cubic Poly","5.0922117658926","Cubic Poly","Inf","Cubic Poly","4.05100911203288"
"222",222,"Cubic Poly","-27.0213305048996","Cubic Poly","-87.0213305048996","Cubic Poly","-28.9741409427291"
"223",223,"Cubic Poly","13.9238439012259","Cubic Poly","Inf","Cubic Poly","12.8826412473662"
"224",224,"Grompertz","1.80579723978891","NA","NA","Grompertz","0.764594585929183"
"225",225,"Grompertz","5.49070881936006","Grompertz","65.4907088193601","Grompertz","5.22025956463663"
"226",226,"Cubic Poly","13.7719885094435","Cubic Poly","33.7719885094435","Cubic Poly","14.7581113961246"
"227",227,"Cubic Poly","-5.24434672103088","Cubic Poly","Inf","Cubic Poly","-6.28554937489061"
"228",228,"Cubic Poly","12.1191508771089","Cubic Poly","72.1191508771089","Cubic Poly","11.8487016223855"
"229",229,"Cubic Poly","-1.67458583082322","Cubic Poly","58.3254141691768","Cubic Poly","-1.94503508554665"
"230",230,"Grompertz","1.79446125745438","Grompertz","61.7944612574544","Grompertz","1.52401200273094"
"231",231,"Cubic Poly","-10.2380094044985","Cubic Poly","-70.2380094044985","Cubic Poly","-12.190819842328"
"232",232,"Cubic Poly","-1.23877195270846","Cubic Poly","Inf","Cubic Poly","-2.27997460656818"
"233",233,"Cubic Poly","9.81188330206935","Cubic Poly","Inf","Cubic Poly","8.77068064820963"
"234",234,"Cubic Poly","-16.2144880030085","Cubic Poly","43.7855119969915","Cubic Poly","-16.4849372577319"
"235",235,"Cubic Poly","-44.2180552421783","Cubic Poly","-104.218055242178","Cubic Poly","-46.1708656800078"
"236",236,"Grompertz","-2.79912868304831","Grompertz","12.2008713169517","Grompertz","-1.28620321807808"
"237",237,"Grompertz","-8.36575821925605","Grompertz","11.6342417807439","Grompertz","-7.37963533257496"
"238",238,"Grompertz","-0.936336026900113","Grompertz","14.0636639730999","Grompertz","0.576589438070117"
"239",239,"Cubic Poly","9.24639852961046","Cubic Poly","69.2463985296105","Cubic Poly","8.97594927488703"
"240",240,"Grompertz","6.73010591249414","Grompertz","36.7301059124941","Grompertz","7.12731362089332"
"241",241,"Cubic Poly","-0.310583876919157","NA","NA","Cubic Poly","-1.35178653077888"
"242",242,"Grompertz","-6.37489274359791","Grompertz","2.19653582783066","Grompertz","-3.55014595629023"
"243",243,"Grompertz","7.9464679671857","Grompertz","15.4464679671857","Grompertz","11.141754615262"
"244",244,"Cubic Poly","12.5265739189918","Cubic Poly","21.0980024904204","Cubic Poly","15.3513207062995"
"245",245,"Grompertz","8.16373761685402","Grompertz","18.163737616854","Grompertz","10.588270865794"
"246",246,"Cubic Poly","14.912717340318","Cubic Poly","26.912717340318","Cubic Poly","16.9021937043098"
"247",247,"Cubic Poly","-0.511006911289156","Cubic Poly","8.06042166013942","Cubic Poly","2.31373987601853"
"248",248,"Cubic Poly","0.378430828111695","Cubic Poly","12.3784308281117","Cubic Poly","2.36790719210355"
"249",249,"Grompertz","9.2575571456668","Grompertz","29.2575571456668","Grompertz","10.2436800323479"
"250",250,"Cubic Poly","-7.35565671012319","Cubic Poly","2.64434328987681","Cubic Poly","-4.93112346118319"
"251",251,"Cubic Poly","0.470177898432384","Cubic Poly","20.4701778984324","Cubic Poly","1.45630078511348"
"252",252,"Cubic Poly","3.40355700488112","Cubic Poly","23.4035570048811","Cubic Poly","4.38967989156222"
"253",253,"Cubic Poly","8.26003319382891","Cubic Poly","28.2600331938289","Cubic Poly","9.24615608051001"
"254",254,"Cubic Poly","-34.310234871036","Cubic Poly","-31.5829621437633","Cubic Poly","-27.64921232016"
"255",255,"Grompertz","-25.614095156386","Grompertz","-21.864095156386","Grompertz","-20.1588828895944"
"256",256,"Grompertz","-12.2075699706011","Grompertz","-3.6361413991725","Grompertz","-9.38282318329339"
"257",257,"Cubic Poly","28.2875447544769","Cubic Poly","34.9542114211436","Cubic Poly","31.827795759988"
"258",258,"Cubic Poly","-43.9782535386829","Cubic Poly","-41.2509808114102","Cubic Poly","-37.3172309878069"
"259",259,"Cubic Poly","35.63813461971","Cubic Poly","39.1675463844158","Cubic Poly","41.3156056993557"
"260",260,"Cubic Poly","10.4167093578422","Cubic Poly","17.9167093578422","Cubic Poly","13.6119960059185"
"261",261,"Cubic Poly","15.3763040172748","Cubic Poly","22.0429706839415","Cubic Poly","18.9165550227859"
"262",262,"Cubic Poly","-55.4943994461748","Cubic Poly","-52.7671267189021","Cubic Poly","-48.8333768952988"
"263",263,"Grompertz","30.939060720495","Grompertz","34.4684724852009","Grompertz","36.6165318001408"
"264",264,"Cubic Poly","8.83594677040288","Cubic Poly","14.8359467704029","Cubic Poly","12.6988903816018"
"265",265,"Cubic Poly","14.0729899975574","Cubic Poly","20.0729899975574","Cubic Poly","17.9359336087563"
"266",266,"Cubic Poly","111.604799210224","Cubic Poly","112.909147036311","Cubic Poly","121.361017803131"
"267",267,"Cubic Poly","88.5880543473857","Cubic Poly","89.8380543473857","Cubic Poly","98.5329745802071"
"268",268,"Cubic Poly","59.1850029139823","Cubic Poly","60.2376344929297","Cubic Poly","69.90067654594"
"269",269,"Cubic Poly","59.8234676077429","Cubic Poly","60.8234676077429","Cubic Poly","70.771741317875"
"270",270,"Grompertz","123.195030831873","Grompertz","124.371501420109","Grompertz","133.410287171046"
"271",271,"Cubic Poly","-3.09529120872575","Cubic Poly","16.9047087912742","Cubic Poly","-2.10916832204465"
"272",272,"Cubic Poly","1.12079149852075","Cubic Poly","5.40650578423504","Cubic Poly","6.09945286629071"
"273",273,"Cubic Poly","31.1168567535212","Cubic Poly","38.6168567535212","Cubic Poly","34.3121434015975"
"274",274,"Cubic Poly","25.5128975096303","Cubic Poly","30.9674429641757","Cubic Poly","29.6789642299113"
"275",275,"Cubic Poly","28.9799947397845","Cubic Poly","35.6466614064511","Cubic Poly","32.5202457452955"
"276",276,"Cubic Poly","20.7238567834636","Cubic Poly","29.2952853548922","Cubic Poly","23.5486035707713"
"277",277,"Cubic Poly","-62.0001762090164","Cubic Poly","-59.2729034817437","Cubic Poly","-55.3391536581404"
